sentence,label
The project faced delays.,Situation
"In my last position where I worked as a recruiter, we got into a high-demand hiring season where we had to fill in several key positions across several departments simultaneously.",Situation
"Last year, my team got a big ad-hoc project from one of our main clients.",Situation
"Two years ago, I wanted to integrate some practical, real-world examples into classes and courses.",Situation
I worked in an internal marketing department in a marketing agency. We used to launch quarterly reports about industry trends and events that shaped the previous quarter.,Situation
"I was working as a retail manager at a department store during prom season. A customer purchased a dress online and had it delivered to the store. One of my associates accidentally put the dress out on the floor, where another customer immediately purchased it.",Situation
"In my previous job as an account executive, one of my co-workers quit immediately after signing the biggest client our firm had ever taken on.",Situation
"I was working as an intern for an events company, and I was responsible for ordering the floral arrangements for a private event hosted by a high-profile client. Unfortunately, I mixed up the information from another event, and the flowers were delivered to the wrong venue on the other side of town.",Situation
"In my previous job, we were tasked with launching a new product, and it required collaboration across multiple departments.",Situation
"During a critical project, one of my team members did not meet deadlines, which affected the entire team.",Situation
"Two team members had a disagreement about the direction of a project, which started to affect their collaboration.",Situation
Our team was tasked with developing a new marketing campaign under a tight deadline.,Situation
"We had to submit a major project to a client within two weeks, but several key elements were still incomplete.",Situation
"In my previous role, I noticed that our invoicing process was causing delays in payments, leading to cash flow issues.",Situation
"Our company faced a sudden budget cut, which threatened the continuation of a key project.",Situation
"During a routine review, I discovered that our customer support team was consistently missing their response time targets.",Situation
I was working on a project when we received last-minute data that changed the direction of our strategy.,Situation
I noticed that our sales were declining due to increasing competition.,Situation
"Our department was tasked with launching a new product line, but we lacked a clear direction.",Situation
Our team was struggling with low morale after a series of setbacks.,Situation
"We had a challenging sales target to meet, and the team was feeling overwhelmed.",Situation
I had to cut a popular program due to budget constraints.,Situation
I noticed that our team's project management system was outdated and causing delays.,Situation
Our company underwent a major restructuring that affected my role and responsibilities.,Situation
I was asked to take over a project in an unfamiliar domain.,Situation
I was juggling multiple projects with overlapping deadlines.,Situation
A marketing campaign I was leading was not generating the expected results.,Situation
"I was working on a major project when we were informed of a new, highpriority task that required immediate attention.",Situation
We received a lastminute request from a client for an urgent report.,Situation
"I was managing several client accounts, each with different deadlines and requirements.",Situation
"During the holiday season, our workload doubled, and we were shortstaffed.",Situation
"I was working on multiple projects, all with competing deadlines.",Situation
I set a goal to complete a certification course while working fulltime.,Situation
I needed to explain a technical process to a client who had no technical background.,Situation
We had a major update to our project plan that needed to be communicated to the entire team.,Situation
"I proposed a new strategy to improve our marketing efforts, but my manager was initially skeptical.",Situation
I had to inform a client that a project would be delayed due to unforeseen issues.,Situation
A team member was frustrated with their workload and was not performing well.,Situation
I was assigned to lead a small internal project with tight deadlines.,Situation
I volunteered to take on a leadership role in a new initiative that was outside my usual responsibilities.,Situation
"We were working on a project for a major client, and I wanted to ensure we delivered exceptional results.",Situation
I set a goal to increase our social media engagement by 50% within six months.,Situation
We faced a major setback when a key client decided to end their contract.,Situation
"When there are team disagreements or difficulties, I always do my hardest to step in and lead the team if necessary.",Situation
"Last winter, I worked as an account coordinator at an ad agency, assisting the account executive for a large client. Three weeks before a major campaign pitch, the account executive was involved in an accident and was forced to take time off.",Situation
"While I prefer to plan out my work in stages and execute it one at a time, I can also produce high-quality work under time constraints. At one of my previous employers, an employee departed only days before a project's deadline.",Situation
"When I first transitioned into a sales role at company X, I was a bit shy of meeting my first-quarter sales target.",Situation
"Shortly after I was promoted to senior project manager, I was in charge of leading a project for a major client. This project would typically take about a month to complete, but the client was in a rush and asked if I could have it ready in three weeks.",Situation
I recently led a brainstorming session. The purpose of this session was to create a brand awareness campaign for a product my company was launching.,Situation
"In my previous job as an event coordinator, I worked with a team of five to plan and execute company events and conferences. Last year, we collaborated on the company’s annual holiday party for over 500 employees.",Situation
"While working as a client success manager at a tech company, one of my colleagues left the company for a new opportunity. My manager asked me to take on some of her responsibilities.",Situation
"When I was a manager at Cafe X, we would always get a lot more customers than usual during the summer. It would almost always be packed, and sometimes, there were not enough servers to handle the work. And if someone got sick or unexpectedly could not show up - things were only worse.",Situation
"Yep! During my internship at Company X, my team and I were supposed to work together and brainstorm new talent sourcing ideas for a client. The client was a large supermarket chain located in a very rural area, so they were struggling to source new talent.",Situation
"“Yes I always set goals at work to keep myself on track. For example when I was a digital marketing specialist at XYZ Company we were launching a new product line and needed to boost our online presence to drive sales. The company set a goal to increase website traffic by 30% in six months.""",Situation
"“Okay, well, I’m kind of a pro at this. I was pursuing a business degree full-time, while I also worked full-time as a sales associate to support myself, and I was active in a boxing club.”",Situation
"“As a social media manager, I juggle multiple campaigns, content schedules, and real-time engagement across different platforms all the time.”",Situation
"“As a sales representative, I once had a client who wanted a custom product delivered within an unrealistic two-day timeframe.”",Situation
"“As a banker, I once had a client who was expecting a loan approval within a week, but due to unforeseen processing delays, it took longer.”",Situation
"“Yes, there was a time when my manager, who isn't a web developer or technical expert, misunderstood a key aspect of our website's functionality.”",Situation
"“Yes, there was a time when a customer was very upset because their order was delayed due to a shipping error.”",Situation
"“As a DevOps engineer, I once had to tell a developer that their recent code deployment caused significant issues in our production environment.”",Situation
"“I’m usually a very easy-going employee and get along with most of my coworkers. There was this one time though, when I was working for Company Y. At the time they had just purchased new software for the company.”",Situation
"“In my role as a Java developer, there was a time when a team member wasn’t meeting their deadlines, which was affecting our project.”",Situation
"“As part of the graphic design team, we were working on a major rebranding project, and we had different ideas about the new logo design.”",Situation
"“Well, as a barista, I once worked with a coworker who was very introverted and preferred working alone, while I’m more outgoing and enjoy teamwork.”",Situation
“I worked on an animated short film for a major client with a team of animators.”,Situation
"“When you’re an architect, sudden changes are pretty common. One time, a major client decided to change the entire layout of a commercial building project halfway through the design phase.”",Situation
"“My first job was selling snacks at a movie theater, ages ago.”",Situation
"“I was organizing a large corporate event, and an hour before it started, the caterer called to say they were stuck in traffic and would be late.”",Situation
“I was once hired to create artwork for a children's book where the author gave me complete creative freedom.”,Situation
"“At my previous job at XYZ Company, I was an IT specialist when we were experiencing frequent network outages that disrupted our work.”",Situation
"“Yes, when I was the business development manager at XYZ Company, I once needed to break into a new market and increase our client base within six months.”",Situation
"“One of the busiest nights at the restaurant I used to work at is during a big event in the city. It just so happened that on that night, we had a fully booked restaurant with a long waitlist.”",Situation
"“So, I was the game designer at ABC Studios, and we were in the final stages of developing a new game. Unfortunately, the board of executives made us make some huge changes to the gameplay while we had a really tight deadline to meet before the launch.”",Situation
"“Sure, there was a time when I had a student who was really struggling with math and was falling behind the rest of the class.”",Situation
"“Yes, definitely. There was a time on a construction project when we got hit with unexpected bad weather, which caused major delays.”",Situation
"“During my time as a real estate agent at Y Company, we got one of the biggest listings the company had ever had. A five million dollar property, newly built, ready to go out in the market.”",Situation
"“I was working on a project where users were having trouble navigating a new app we developed. That’s a huge problem when you’re a UX/UI designer, so I had to look into it.”",Situation
“The store I was working for would be opening a new location soon and they offered me the manager position there.”,Situation
We finished ahead of schedule.,Result
"This helped me meet the hiring goals and decrease the time needed for hiring. 2 years later, all the people I hired then are still in the company, which proves they were a good fit.",Result
It was like watching a well-organized sports team — their efficiency was admirable. We finished all emails on time and generated $850K in revenue from them. The client was thrilled.,Result
"They appreciated my efforts and ideas and agreed to explore the possibility of collaborating with one of our local businesses. Eventually, we did manage to make it happen, and I learned how important it is to be relatable, creative, and fun when pitching new ideas.",Result
"We got a lot of positive feedback from the readers. I realized I wouldn’t have been able to do it all by myself, and this experience taught me how important it is to work with someone you trust.",Result
"The customer was so thankful, she wrote us a five-star review on several review sites.",Result
"The client was so impressed with my dedication, they immediately signed an annual contract that netted our company $5 million.",Result
"The client never knew about my mix-up, and my boss was very grateful.",Result
"The product launched successfully on time, and the collaboration across departments was praised by upper management, leading to a 20% increase in initial sales",Result
"Their performance improved significantly, and we completed the project on schedule, receiving positive feedback from the client.",Result
"The conflict was resolved, and the team worked cohesively, leading to the successful completion of the project.",Result
"The campaign was delivered ahead of schedule, resulting in a 15% increase in customer engagement.",Result
"We met the deadline, and the client was highly impressed with the quality of the work, leading to additional business opportunities.",Result
"The new system reduced invoice processing time by 50%, and we saw a significant improvement in cash flow, with a 30% increase in on-time payments.",Result
"We completed the project under the new budget, and it still met all the critical objectives, receiving praise from stakeholders.",Result
"Response times improved by 30%, and customer satisfaction ratings increased.",Result
"The decision paid off, and the project was successful, achieving better results than originally anticipated.",Result
"Sales rebounded within three months, and we regained our market share.",Result
"The project was completed on time, and the new product line exceeded sales expectations by 20% in the first quarter.",Result
"Team morale improved significantly, and we were able to meet our project deadlines.",Result
"The team exceeded the sales target by 15%, and morale was high throughout the process.",Result
"While the decision was initially unpopular, the team understood the necessity, and we were able to redirect our focus to more critical areas.",Result
"The new system improved efficiency by 25%, and projects were completed faster and with fewer errors.",Result
I successfully adapted to the changes and even received a promotion within six months.,Result
"I successfully managed the project, which was completed on time and met all client expectations.",Result
"All projects were delivered on time, and the quality met or exceeded expectations.",Result
"The adjusted campaign led to a 30% increase in engagement, and we achieved our goals within the revised timeline.",Result
Both the highpriority task and the original project were completed on time and to a high standard.,Result
"The report was delivered on time, and the client was impressed with the quick turnaround and quality of work.",Result
"All tasks were completed on time, and clients were satisfied with the outcomes.",Result
"We successfully handled the increased workload, and I was commended for my dedication and efficiency.",Result
"All critical tasks were completed on time, and I managed to balance my workload effectively.",Result
I completed the certification course on time and even applied the new skills to improve my performance at work.,Result
"The client gained a clear understanding of the process, and we successfully moved forward with the project.",Result
"The team was wellinformed and adapted to the changes smoothly, allowing the project to continue without disruption.",Result
"My manager approved the strategy, and it led to a 15% increase in customer engagement.",Result
The client appreciated the transparency and remained satisfied with our service.,Result
"The team member's performance improved, and they felt more supported in their role.",Result
"The project was completed not only on time but also under budget, and I received recognition from upper management.",Result
The new product was launched successfully and became one of our bestsellers.,Result
"The client was extremely pleased with the outcome, and we secured a longterm contract with them.",Result
"We achieved a 60% increase in engagement within the timeframe, surpassing our original goal.",Result
"The client agreed to stay with us, and the revised contract led to a stronger, more profitable relationship.",Result
"Everyone was happier and more productive as a result, and our project was a success.",Result
"Our strategy was well received by the customer, and the campaign was implemented. Six months later, I was promoted to account executive.",Result
"We all finished the job on time. In fact, I feel I do best while working under pressure.",Result
"With this new strategy, I exceeded my sales target by 10%.",Result
"I managed to finish the project and deliver it before the extended deadline. However, I learned to manage my time better and never overpromise on something I can’t deliver.",Result
"The conversation helped me see blind spots in my strategy and improve it. I also persuaded my coworker to get on board with my strategy by explaining its rationale. As a result, I merged our ideas and created a successful brand awareness campaign. Our social media engagement and website traffic both saw an increase of over 40%.",Result
"Thanks to the new system, our team meetings were far more productive and we ended up ahead of schedule. Ultimately, our team’s collaboration led to what our CEO called the best holiday party he had ever attended.",Result
"Thanks to new automation efforts and successful prioritizing, none of our clients realized that there had been an internal shift at the company. Our team’s high quality of service was maintained — and I became more efficient in the process.",Result
"Overall, the summer went pretty smoothly with minimal accidents. We didn’t get ANY negative reviews on TripAdvisor for the summer (whereas for the summer before that, we had several for slow service).",Result
"In the end, I graduated with a 3.7 GPA, no student loans, and a personal design portfolio which landed me my first real job at Company X within a month of graduating.",Result
"“Thankfully, by staying organized and focused, I met all the deadlines. We maintained client satisfaction and had a smooth year-end closing for the firm, and my manager was pleased that handled everything so well.”",Result
"“I managed to stay organized and disciplined, so I maintained good grades, performed well at work, and progressed in boxing. I’d say I balanced all my commitments effectively, and I’m sure I can do it again.”",Result
"“This system keeps everything on track and our engagement high. We saw a 20% increase in follower growth over six months, and our posts so far have consistently gone live without any hitches.”",Result
"“The client appreciated the transparency and understood where the constraints came from. We agreed on a revised timeline that worked for both parties, and the product was delivered as promised. I kept the client satisfied and maintained a strong business relationship, so I’m happy with how that turned out.”",Result
"“The client appreciated the proactive communication and transparency. Although they were initially disappointed, they appreciated the effort to keep them informed. I’d say it helped restore their trust and maintain a positive relationship with them for the future.”",Result
"“He appreciated the clarification and thanked me for bringing it to his attention. So, I fixed the misunderstanding and strengthened our working relationship, since he valued my expertise and honesty.”",Result
"“The customer appreciated my honesty and the steps I took to resolve the issue. They accepted the solution and even thanked me personally for my help. It turned a negative experience into a positive one, and the customer remained loyal to our company.”",Result
"“The developer appreciated my approach. We quickly identified and resolved the problem, and also implemented a better review process for future deployments. This definitely improved our workflow and strengthened our teamwork in the long run.”",Result
"“He agreed, and the transition went smoothly since then. Took us around a week and a half to get the entire team on board and productive with the new tool.”",Result
"“My approach helped improve their contributions. We managed to complete the project on time, and the coworker felt more supported and became more productive as we progressed.”",Result
"“After seeing the rationale and visuals, the team understood my perspective and agreed to go with my design. The rebranding was successful, and the new logo received positive feedback from both the client and our target audience.”",Result
"“Respecting our differences and playing to our strengths worked out. We could work efficiently together without clashing. Our shifts ran smoothly, and we even received positive feedback from our manager.”",Result
"“The project was a huge success. Everything was completed on time, we received rave reviews and even won several industry awards. My animations were specifically highlighted for being detailed and expressive, and bringing the characters to life.”",Result
"“We managed to adapt to the changes successfully and completed the revised design on schedule. The client was impressed with our flexibility and the final outcome, and I’d say that strengthened our professional relationship because it led to more projects with them.”",Result
"“Within a few shifts, I felt confident in my role. I could handle the busiest shifts and I even helped train new employees after a few weeks. The experience taught me how important adaptability and attention to detail are, along with some crucial customer service skills. I’ve applied everything I learned in my jobs since then, so it was a valuable experience.”",Result
"“The guests were pleased with the interim refreshments, and when the caterer arrived, the transition was smooth. The event went off without a hitch, and the client was very impressed with how I handled the unexpected setback. I’d say it taught me how important quick thinking and having backup plans are in event planning.”",Result
"“The project was both exciting and challenging. It pushed me to explore new artistic techniques and trust my creative instincts. The author was thrilled with the final illustrations, and the book received great feedback for its visual appeal. It showed me how exciting it can be to have creative freedom and how important it is to balance creativity with a framework to keep things on track.”",Result
"“The new network significantly reduced downtime and improved our overall productivity. So, I solved a critical issue and tested my ability to take charge and lead projects, which worked out nicely.”",Result
“The strategy worked really well. We ended up getting 20% more new clients than we aimed for within the six months. It showed me how a targeted and well-planned approach can really make a difference.”,Result
"“Even though it was hectic, the night went well. The customers were overall happy with the service, and a few even complimented me on handling the busy night so professionally. My manager praised the team for keeping it together under pressure, and I felt great knowing I contributed to that success.”",Result
"“The team stayed engaged and motivated, and we managed to complete the game on time, although barely, given the short notice about the changes we had to implement. Still, the launch was a success, and the game received positive reviews for its quality. My team appreciated the support and recognition a lot, and I’d say that strengthened our collaboration for future projects.”",Result
"“Gradually, the student’s understanding and confidence improved a lot. By the end of the semester, they had caught up with the class and even started to enjoy math. It was great to see their progress and know that my efforts helped.”",Result
"“Although we met the deadline, the team was exhausted and morale was pretty low. In hindsight, I should have adjusted the timeline sooner and talked to the client about the delays. Rotating shifts to avoid overworking everyone would have been a better approach. Now I know how important it is to be flexible and communicate more during unexpected challenges.”",Result
"“The changes made a huge difference. Users found the app much easier to navigate, and the client was thrilled with the improvement. It showed me how a creative, user-focused approach can solve even tricky design problems.”",Result
"“So, we dressed the mannequins in clothes from the old collection. I explained the situation to my superiors. They weren’t very happy about it, of course, but they acknowledged that it was a human mistake and that it could happen to anyone. I’ve been a lot more diligent with checking the address on shipments since then.”",Result
"At first, I didn’t know what to focus on, as I was in charge of managing open positions and moving candidates through the hiring process effectively.",Task
"The deadline was tight, and we had to conceptualize and create 30+ BFCM promo emails.",Task
I especially wanted to do this in my lessons and I wanted my students to get some hands-on experience in marketing.,Task
"During a particularly busy season, the entire company was focused on client work. My coworker and Iwere left to write, design, publish, and promote the report without any help.",Task
I knew I needed to make this right for the customer to meet my own service level standards and to uphold the reputation of the company.,Task
"Although I was already managing a full load of accounts, I was assigned this new client as well. I knew the stakes were high and if we lost this deal, then we wouldn’t hit our quarterly goal.",Task
I took this very seriously and knew I needed to find a solution quickly as we were working on a tight deadline.,Task
"My role was coordinating with the marketing, sales, and design teams to ensure we were all aligned with the product launch plan.",Task
"As the team leader, I needed to address the issue while maintaining team morale.",Task
"As the project manager, it was my responsibility to resolve the conflict and ensure the project stayed on track.",Task
My role was to oversee the creative process and ensure that all deliverables were completed on time.,Task
I was responsible for coordinating the team's efforts to meet the deadline.,Task
I needed to streamline the invoicing process to ensure timely payments and improve cash flow.,Task
I needed to find a way to continue the project with limited resources.,Task
I needed to identify the cause and implement a solution to improve response times.,Task
I had to quickly analyze the new data and decide whether to adjust our approach.,Task
My goal was to develop a strategy to prevent further declines and regain our market position.,Task
I volunteered to lead the project and develop a strategy.,Task
"As the team leader, I needed to boost morale and get the team back on track.",Task
"As the sales manager, I needed to motivate the team to stay focused and achieve the target.",Task
It was my responsibility to communicate the decision to the team and manage their reactions.,Task
I decided to take the initiative to find a better solution.,Task
I needed to quickly adapt to the new structure and take on additional responsibilities.,Task
I needed to quickly learn the new subject matter to manage the project effectively.,Task
My goal was to ensure that all projects were completed on time without compromising quality.,Task
I needed to reevaluate our strategy and make adjustments to improve the campaign's performance.,Task
I had to quickly adjust my priorities to accommodate the new task without neglecting the original project.,Task
I was responsible for delivering the report within 24 hours.,Task
My goal was to ensure that all tasks were completed on time and met the client's expectations.,Task
I needed to manage my time effectively to handle the increased workload.,Task
My challenge was to prioritize my tasks to ensure that the most critical projects were completed first.,Task
"I needed to manage my time effectively to balance work, study, and personal commitments.",Task
My goal was to ensure the client understood the process without feeling overwhelmed.,Task
"As the project manager, I was responsible for ensuring everyone was informed and understood the changes.",Task
I needed to persuade my manager to approve the new strategy.,Task
My responsibility was to communicate the delay while maintaining the client's trust.,Task
I needed to understand their concerns and find a solution.,Task
My goal was to complete the project on time and within budget.,Task
My challenge was to lead a team in developing a new product concept.,Task
I aimed to exceed the client's expectations by adding extra value to the project.,Task
I needed to develop and implement a strategy to reach this goal.,Task
My task was to retain the client or find a way to turn the situation to our advantage.,Task
"My communication abilities, I believe, make me a good leader and moderator. When I was working on a team project, for example, two of the team members got into a disagreement and refused to finish their assignments.",Task
"I stepped in to fill in and manage the presentation by coordinating the creative and media teams' contributions. I convened an emergency meeting and conducted a discussion regarding ad scenarios, media strategies, and the various team members' duties in connection to the presentation.",Task
"With only a few days to learn about and complete the project, I was expected to take responsibility for it.",Task
This motivated me to not only meet my sales target during my second quarter but exceed it.,Task
"Excited that it was my first project, I agreed. Shortly after, I realized I'd need a bit more time to finish it and deliver quality work.",Task
"One of my teammates and I disagreed on what direction we should take for the campaign. I wanted to focus more on maximizing social media presence, and he wanted to go the brand partnership route.",Task
"There were so many moving pieces. Everyone on our team had different responsibilities, but we all had to work as one unit to bring the party to life.",Task
"I had to reprioritize my own clients and projects to make room for her most important ones. It was overwhelming at first, with so many tasks to juggle and my unfamiliarity with my colleague’s book of business.",Task
"So, I had to come up with a system so that we would not get overwhelmed during those 3+ months.",Task
"To make sure we were prepared, I realized we needed a better schedule. For the next summer, I had a very strict shift schedule ready, and a reward system in case someone couldn’t show up for their shift. If someone called in sick, whoever filled in for them would be rewarded with extra pay. And if there was absolutely no one else available, I would personally fill in for them instead.",Task
"To keep up with the workload, I realized I had to manage my time very efficiently. So, I set up Google Calendar and got a personal notepad for my daily tasks and responsibilities.",Task
“I needed to manage all these tasks efficiently without compromising accuracy or deadlines but it was a lot of work.”,Task
"“So, I often had assignments due, work shifts to cover, and training sessions all in the same week. It could get pretty hectic.”",Task
"“It's essential to make sure all posts go live on time and maintain active engagement with our audience, so I need to stay on top of this constantly.”",Task
“I somehow had to manage the client's expectations while maintaining a positive relationship.”,Task
“It was my responsibility to manage the client's disappointment and find a solution.”,Task
“I needed to correct him without causing any friction or embarrassment.”,Task
“My job was to calm the customer down and find a solution to their problem.”,Task
“I needed to communicate this without throwing blame or causing a conflict so we could work together to resolve the issue.”,Task
“I needed to address the issue to keep the project on track.”,Task
"“I fully believed my concept was more aligned with the brand's vision, but the team had other ideas.”",Task
“But we needed to work together during busy shifts to keep things running smoothly.”,Task
“My role was to animate the main characters.”,Task
“I needed to quickly adapt the plans to meet the new requirements without delaying the project.”,Task
"“I had to quickly learn how to operate the cash register, manage inventory, and provide excellent customer service during busy weekends and evenings.”",Task
“I had to quickly find a solution to make sure the guests had refreshments on time.”,Task
"“My task was to bring the story to life through illustrations, with no strict guidelines or limitations. So, there were pros and cons to the situation. On one hand, I had no restrictions… but on the other, I was missing a framework to work around, so I had to make it myself.”",Task
"“I realized we needed a more reliable network solution, but it wasn’t assigned to anyone specifically.”",Task
“I needed to figure out a way to find and secure new clients in a market I wasn’t familiar with.”,Task
"“I was a server, so I had to make sure all tables were served promptly and everyone had a good experience despite the rush.”",Task
“My job was to keep the team motivated and focused to finish the game on time without compromising on quality.”,Task
"“As their teacher, I needed to help them catch up and understand the material better.”",Task
“I needed to keep the project on track despite the setbacks.”,Task
“All agents were allowed to work on selling the property since we only had a 3-month deadline set by the owner.”,Task
“My job was to find a way to make the app more intuitive and user-friendly.”,Task
"“That meant I was also in charge of monitoring the work until the store opened. I ordered the clothing shipments, trained the new employees, and organized the inauguration event. One hour before the event, the last shipment of boxes hadn’t arrived yet. The clothes we planned to put on the mannequins were in those boxes.”",Task
I streamlined the workflow.,Action
"I decided to structure my approach and began by researching each position thoroughly to gauge the urgency and criticality of the role. It helped me prioritize and allocate resources accordingly. I made strategic use of our applicant tracking system to streamline the sourcing and screening processes to filter out only the best, relevant candidates. I also used industry-specific platforms and forums to track people.",Action
"As soon as we got the brief, I scheduled a meeting to organize and divide the workload and set clear timelines. I prioritized tasks based on the email’s scheduling date and offer importance. I established the order of operations, and we had a clear process on who was doing what and when. Still, there were times when we had to improvise but transparent communication made it easy. Each person was like a piece of a puzzle and we worked tirelessly.",Action
"For this, I thought about involving a local retail business. So I had to convince my coworkers, teachers, and school administration to apply this unconventional approach. To make it convincing and enjoyable, I created a mini-game where teachers would play the role of students engaging in a simulated marketing project. Before the game, during the presentation, I put a lot of emphasis on how students could benefit from this and apply their theoretical knowledge to real-world situations.",Action
"We decided to split the tasks: I wrote the report, she edited it and added insights from industry experts we got in touch with. She designed the report, and I wrote the copy for the landing page and other promotional materials. Finally, we found a simple drag-and-drop page builder and created the landing page, connected it to our website and email service provider, and tested everything. Everything went pretty smoothly, and we managed to publish the report on time, as if nothing had happened.",Action
"Before calling the customer to let her know about the mistake, I located the same dress at another store location nearby. I ordered it to be pressed and delivered to her home the morning of prom, along with a gift card to thank her for her understanding.",Action
"I first took some measures to destress. Then I carefully evaluated and restructured my task list to make sure I could manage all my duties. Because of this, I was able to make myself completely available to the client and I also sacrificed some evenings and weekends to take calls until the project was delivered.",Action
"After considering a few different ways to resolve the issue. I admitted my mistake to my boss and informed them of my plan and why I thought it was the best course of action. I took an early lunch break, drove to the other venue, picked up the flowers and delivered them to the appropriate venue an hour before the event.",Action
I organized weekly meetings to update everyone on progress and address any issues. I also created a shared timeline accessible to all team members.,Action
I had a one-on-one discussion with the team member to understand their challenges. We adjusted their workload and set up regular check-ins to ensure they stayed on track.,Action
I facilitated a meeting where both parties could voice their concerns. We worked together to find a compromise that satisfied both team members and was in the project's best interest.,Action
I introduced a more efficient workflow by implementing project management software and ensuring clear communication between team members.,Action
I divided the work into manageable tasks and assigned them to team members based on their strengths. I also arranged daily check-ins to monitor progress.,Action
"I analyzed the existing process and identified several bottlenecks, including manual data entry and lack of automated reminders. I introduced an automated invoicing system that integrated with our accounting software, reducing the need for manual input and sending automatic payment reminders.",Action
I reevaluated the project plan and identified non-essential tasks that could be postponed or eliminated. I also negotiated with vendors to reduce costs.,Action
I thoroughly analyzed the team's workflow and identified inefficiencies in the ticketing system. I introduced a new system and provided additional training.,Action
"I gathered the team, reviewed the data, and brainstormed potential solutions. I then decided to pivot the project based on the new information.",Action
I conducted market research to understand the competition's strengths and weaknesses and developed a new marketing campaign to highlight our unique selling points.,Action
"I created a detailed project plan, assigned roles and responsibilities, and set up regular progress meetings.",Action
"I organized a team-building activity to improve communication and collaboration, and I implemented a recognition program to celebrate small wins.",Action
"I set up a rewards system for hitting milestones, provided regular encouragement, and offered additional training to boost confidence.",Action
I held a meeting to explain the reasons behind the decision and outlined a plan to reallocate resources to other important initiatives.,Action
"I researched new project management tools, presented my findings to the team, and led the implementation of the new system.",Action
I took the initiative to learn the new processes and proactively sought feedback to ensure I was meeting expectations.,Action
"I dedicated extra hours to studying the domain, attended relevant workshops, and consulted with experts to get up to speed.",Action
"I prioritized tasks based on urgency and importance, delegated where possible, and maintained clear communication with all stakeholders.",Action
"I analyzed the campaign data, identified weaknesses, and implemented a new approach focusing on a different target audience and revised messaging.",Action
"I reassessed my workload, delegated some tasks, and focused on completing the highpriority task first.",Action
"I immediately gathered the necessary data, prioritized tasks, and worked late to ensure the report was accurate and delivered on time.",Action
"I created a detailed schedule, set clear priorities, and used time management tools to keep track of progress.",Action
"I focused on highimpact tasks, delegated where possible, and worked extra hours to ensure everything was completed.",Action
"I assessed the urgency and importance of each task, communicated with stakeholders to set realistic expectations, and focused on the most critical tasks first.",Action
"I created a strict schedule, dedicated specific hours each day to studying, and stuck to my plan.",Action
"I broke down the process into simple steps, used analogies to make it relatable, and encouraged questions to clarify any confusion.",Action
"I held a team meeting to explain the updates, provide a written summary, and address any questions or concerns.",Action
"I presented data to support my proposal, highlighted the potential benefits, and addressed my manager's concerns.",Action
"I contacted the client immediately, explained the reasons for the delay, and provided a revised timeline with solutions to prevent further delays.",Action
"I scheduled a meeting to listen to their issues without interrupting, asked clarifying questions, and worked together to redistribute tasks.",Action
"I worked efficiently, identified areas where we could streamline processes, and delivered the project ahead of schedule.",Action
"I conducted market research, led brainstorming sessions, and coordinated with various departments to bring the concept to life.",Action
"I stayed late to refine the final presentation, added additional features, and conducted thorough testing to ensure everything was perfect.",Action
"I revamped our content strategy, introduced new types of posts, and engaged more actively with our audience.",Action
I reached out to the client to understand their concerns and offered a revised contract with added benefits.,Action
"They were both unsatisfied with their workloads, so I convened a team meeting in which we redistributed all of the team's responsibilities.",Action
"I was able to bring the team together on two key ad concepts that we needed to propose, as well as associated media plans. Based on our conversations, I set out a minute-by-minute strategy for how we would deliver the pitch, which was well welcomed by the team.",Action
I formed a task force and distributed tasks.,Action
I broke my goal down into smaller weekly goals and changed my sales strategy. I leveraged social selling to find new customers and develop relationships with them. I also asked my sales manager to coach me on my closing techniques and objection handling.,Action
"I reached out to the client right away and apologized. I also asked for a three-day extension, and they were generous enough to extend the deadline.",Action
"I asked my colleague to have a one-on-one meeting with me. I asked him to share his ideas and perspective. After listening and offering constructive criticism and feedback, I shared my ideas.",Action
"Even though I was the most junior person on the team, I organized a project management system that would allow us to check in with each other daily. They’d never done this before, but everyone loved the virtual task-tracking features.",Action
"I worked through my responsibilities and reprioritized them based on the company’s goals, my availability, and other factors (with a bit of input from my manager). I also came up with ways to automate certain tasks to free up more of my time.",Action
"Through hard work and dedication, I managed to balance studying, a part-time job, and all extracurricular activities. Sure, it was pretty tiring at times, but by the end of each day I would always go over and edit my calendar for the rest of the week. This way, I knew pretty much everything I had to get done daily, and never missed an assignment or a deadline either!",Action
"So, I gave it some thought, and realized that we’d forever be in a deadlock if we continued like this. They wouldn’t agree with our approach, and we wouldn’t agree with theirs. So, we decided to bring in an unbiased third party who didn't have any emotional investment here. We then conducted a longer meeting without any time restraints (so we’d get everything done ASAP in a single meeting), where we went through each idea one by one, and the third party acted as a sort of mediator. When someone pitched something, they also had to back it up with as many facts as possible, otherwise it wouldn’t count.",Action
"“So, I prioritized my tasks by deadlines and complexity, delegated some routine tasks to junior accountants, and worked extra hours to stay on top of everything. I also communicated with my manager about the workload to set realistic expectations.”",Action
"“I created a detailed schedule first. I blocked out time for study, work, and training. I prioritized my tasks by deadlines and importance, so I was often studying early in the morning and late at night. I also communicated with my employer about my schedule to make sure I wasn’t overbooked and I used my weekends to catch up on studies.”",Action
" “Generally, I use scheduling tools like Hootsuite to plan and schedule posts a month in advance, which helps me stay organized. I also set daily reminders to engage with our followers, respond to comments, and adjust content based on performance analytics.”",Action
"“So, I scheduled a call with the client to discuss their needs in detail. I explained the production and delivery process and highlighted why the two-day timeline wasn’t feasible. Then, I offered a more realistic timeline and suggested quicker options to meet their needs as closely as possible.”",Action
"“I called the client as soon as I realized the delay, explained the situation honestly, and apologized for the inconvenience. I assured them that their application was a priority and provided a revised timeline.”",Action
"“I scheduled a one-on-one meeting and calmly explained the correct information, using simple terms and visual aids to make it clear. I emphasized that it was a common misunderstanding and showed how the correct approach would benefit our project.”",Action
"“I listened carefully to the customer's concerns and acknowledged their frustration. Then, I explained the situation honestly and apologized for the inconvenience. I offered to track the shipment personally and provided a discount on their next order as a goodwill gesture.”",Action
"“I approached the developer privately and started the conversation by acknowledging their hard work. Then, I explained the problem clearly and respectfully. I suggested we work together to fix the issues and improve our deployment process in the future.”",Action
"“I decided to approach him and suggested we split the responsibilities. He would handle the theoretical part of the training, like the introduction to how it works, and I’d explain the practical stuff, as in, how we can implement the software for our business case.”",Action
“I first talked to them privately to understand if they were facing any challenges. I offered help with any technical issues and suggested pairing up to complete our tasks so that we could share knowledge and improve their performance. I also kept the team lead informed about the situation.”,Action
"“I organized a meeting to present my design in detail. I explained the reasoning behind my choices, and I wanted to show how it better represented the brand’s identity and goals. I also provided mockups and visual comparisons to illustrate the potential impact.”",Action
"“I made an effort to understand their working style and respected their need for space. I focused on clear communication and divided tasks based on our strengths. For example, I handled customer interactions, while they managed the back-end tasks.”",Action
“I started by collaborating with the character designers to understand their vision and brought those designs to life with smooth and expressive animations. I also coordinated closely with the background artists and the sound design team to make sure my animations fit seamlessly with the overall project.”,Action
"“I organized an urgent meeting with the client to fully understand their new vision. Then, I worked closely with my team to revise the design, reallocate resources, and adjust the project timeline. I also communicated regularly with the client to make sure we were aligned on the new direction of the project.”",Action
"“On my first day, I paid close attention during training and asked a lot of questions to understand how everything worked. I also watched my coworkers to learn tips and tricks that could help me be more efficient. When I made mistakes, I tried to take note of them and adjust. I also made an effort to stay friendly and calm, even during rush hours. I was still in high school at the time, so everything was really new and unfamiliar but I think I had the right idea.”",Action
"“I immediately contacted a nearby restaurant that I had a good relationship with and arranged for them to deliver appetizers and drinks quickly. Meanwhile, I communicated with the venue staff to set up the temporary refreshments and keep guests informed about the delay.”",Action
"“I started by thoroughly reading the manuscript to understand the story and characters. Then, I brainstormed and sketched different concepts. I experimented with different styles and color palettes until I found the right fit. Throughout the process, I communicated with the author to make sure my vision aligned with theirs.”",Action
"“I took the initiative to look for and identify the root cause of the outages. After finding the problem, I proposed a new network infrastructure plan to my manager. Once he approved it, I led the project to upgrade our systems, coordinated with vendors, and managed the implementation process.”",Action
"“I started by researching the market to understand potential clients and their needs. Then, I crafted a focused outreach campaign with personalized emails and follow-ups. I also reached out to existing clients for referrals and attended industry events to network.”",Action
"“I tried to stay calm and organized, and I prioritized my tasks and communicated closely with the kitchen staff to keep everything running smoothly. I also made sure to check in with my tables regularly to update them on their orders and address any concerns. The busier the restaurant, the slower the orders come out, so it was good to touch base with the kitchen and guests.”",Action
"“I organized daily stand-up meetings to track progress and address any issues quickly. I also set small, achievable milestones to keep everyone motivated. And, to boost morale, I made sure to celebrate each milestone with small rewards, like team lunches or shout-outs in meetings. I also encouraged an open environment where team members could share ideas and support each other.”",Action
"“I first figured out which parts they were having trouble with and then made a special lesson plan just for them. I also set up one-on-one tutoring sessions after school to give them extra help. To make things clearer, I used visual aids and practical examples that made the math concepts easier to grasp.”",Action
"“I decided to have the team work longer hours whenever the weather cleared up, hoping to make up for lost time. But this led to everyone feeling really stressed and burnt out.”",Action
"“I decided I’d add something new to the website to market the house: a virtual tour. I felt like just photos weren’t enough for this property. So, I rented a 360-degree camera, stayed up watching tutorials, and taught myself how to create the tour.”",Action
"“I decided to conduct user testing sessions to see exactly where people were getting stuck. After gathering feedback, I realized that the navigation menu was too complicated. So, I redesigned the menu to be simpler and more intuitive, using icons and a clearer layout.”",Action
"“I called the delivery company and they said the boxes had already been shipped...to the other location of the store, which is across the city. I’d given them the wrong address. There was absolutely no time for those boxes to arrive at the location we were at.”",Action
I took action in my program.,Action
